year,men,women
1999,384005.0,269550.0
2000,547253.02833,335765.81828
2001,333677.49314,178364.53804
2002,375953.98436,203808.03957
2003,400981.95172,218761.69644
2004,455607.04644,243921.02967
2005,464095.33204,264445.8059
2006,547253.02833,335765.81828
2007,982449.79751,747276.56574
2008,1055123.2991,814141.70561
